timestep,oat_mse,enriched_mse
0.000000000000000000e+00,7.597750006116690824e-02,9.762795552809256164e-03
1.000000000000000000e+00,7.578732139579952287e-02,9.984304054063976655e-03
2.000000000000000000e+00,7.591381989359213822e-02,1.054580625477538093e-02
3.000000000000000000e+00,7.659250001157053012e-02,1.154779818728566242e-02
4.000000000000000000e+00,7.790553159907867564e-02,1.332649687197407992e-02
5.000000000000000000e+00,8.023158439786928775e-02,1.610311720798490373e-02
6.000000000000000000e+00,8.333956079265628092e-02,1.954256906750233627e-02
7.000000000000000000e+00,8.637088074826752837e-02,2.278680129099520946e-02
8.000000000000000000e+00,9.012928798441718903e-02,2.683344847252010570e-02
9.000000000000000000e+00,9.288312051923712509e-02,2.942156523778393859e-02
1.000000000000000000e+01,9.456320697874909253e-02,3.090032308345254039e-02
1.100000000000000000e+01,9.583482505869471424e-02,3.130577391063852494e-02
1.200000000000000000e+01,9.658930619129386941e-02,2.990747684100351217e-02
1.300000000000000000e+01,9.744766342490913946e-02,2.823523847754693880e-02
1.400000000000000000e+01,9.852732412278415730e-02,2.582389850075123700e-02
1.500000000000000000e+01,9.995986518801874832e-02,2.475164426295668046e-02
1.600000000000000000e+01,8.498315590319689694e-02,2.098548683294794090e-02
1.700000000000000000e+01,8.446519131481762532e-02,2.212025263278920295e-02
1.800000000000000000e+01,8.321550424532325740e-02,2.361505347762722293e-02
1.900000000000000000e+01,8.215451108595010765e-02,2.586423507824366433e-02
2.000000000000000000e+01,8.120396063073127835e-02,2.846470379742677831e-02
2.100000000000000000e+01,8.059302256257215580e-02,3.139523587721342046e-02
2.200000000000000000e+01,6.819152199329692188e-02,3.451567457503842279e-02
2.300000000000000000e+01,6.843658294664639596e-02,3.643477007247710592e-02
2.400000000000000000e+01,6.941930930937233180e-02,3.815192286505335317e-02
2.500000000000000000e+01,7.061734686013222684e-02,3.975431121966539749e-02
2.600000000000000000e+01,7.160504889660224137e-02,4.037831568067194038e-02
2.700000000000000000e+01,7.233881602275943346e-02,4.068333134505373871e-02
2.800000000000000000e+01,7.309850211722368485e-02,4.002686344831307003e-02
2.900000000000000000e+01,7.366889495877256000e-02,3.873408939832299197e-02
3.000000000000000000e+01,7.440773841773914987e-02,3.690273200873343817e-02
3.100000000000000000e+01,7.585125208688697773e-02,3.597922074127417325e-02
3.200000000000000000e+01,7.903509171976477732e-02,3.499342575708869890e-02
3.300000000000000000e+01,8.174955522975940747e-02,3.686701810996163842e-02
3.400000000000000000e+01,8.214625241344618300e-02,3.664084509162930658e-02
3.500000000000000000e+01,8.475331286208818982e-02,3.906285023185483013e-02
3.600000000000000000e+01,8.601931290352947401e-02,4.000323308080552115e-02
3.700000000000000000e+01,8.869617145700030292e-02,4.224761905827907615e-02
3.800000000000000000e+01,9.806448886552826538e-02,5.156849627053017998e-02
3.900000000000000000e+01,1.041686405192595033e-01,5.721974267946206699e-02
4.000000000000000000e+01,1.158017020439030681e-01,6.892661107583554492e-02
4.100000000000000000e+01,1.234566026436077352e-01,7.668366087270261922e-02
4.200000000000000000e+01,1.345931023036129603e-01,8.652315747208196017e-02
4.300000000000000000e+01,1.534712131759500831e-01,9.801869729946480203e-02
4.400000000000000000e+01,1.595373164356816975e-01,1.143533156619465224e-01
4.500000000000000000e+01,1.683431221988081206e-01,1.187540583362322738e-01
4.600000000000000000e+01,1.630096989731915635e-01,1.352075130468583797e-01
4.700000000000000000e+01,1.731894886941852674e-01,1.489295057921262433e-01
4.800000000000000000e+01,1.718833664716367116e-01,1.644182663147891188e-01
4.900000000000000000e+01,1.833129891505290154e-01,1.554296970589202631e-01
5.000000000000000000e+01,1.969452015494228825e-01,1.738028785187634984e-01
5.100000000000000000e+01,1.798758764783153219e-01,1.885015822289743681e-01
5.200000000000000000e+01,1.884476463056402318e-01,1.991067977276165246e-01
5.300000000000000000e+01,1.996182630065625185e-01,2.052563332125952045e-01
5.400000000000000000e+01,2.139260184466721948e-01,1.958455586297029871e-01
5.500000000000000000e+01,2.165407254364632439e-01,1.972442372704536484e-01
5.600000000000000000e+01,2.037908748429734795e-01,2.092245141498366989e-01
5.700000000000000000e+01,2.232062857830955649e-01,2.189738987107761881e-01
5.800000000000000000e+01,2.331135970151458903e-01,2.272410965005576822e-01
5.900000000000000000e+01,2.446555591207521252e-01,2.391734703706402954e-01
6.000000000000000000e+01,2.401310421824454922e-01,2.478624234486021261e-01
6.100000000000000000e+01,2.504408759613986901e-01,2.442929361804912214e-01
6.200000000000000000e+01,2.598942926987191093e-01,2.487861953513000046e-01
6.300000000000000000e+01,2.671176493602222535e-01,2.474971229202346801e-01
6.400000000000000000e+01,2.517050602999049702e-01,2.420985353875148849e-01
6.500000000000000000e+01,2.474435088940430127e-01,2.398652634943078676e-01
6.600000000000000000e+01,2.492017834803904597e-01,2.280865459482185054e-01
6.700000000000000000e+01,2.418749809438769660e-01,2.209128401034046174e-01
6.800000000000000000e+01,2.321263183068688341e-01,2.026684513105311281e-01
6.900000000000000000e+01,2.283830274934298410e-01,1.828326260492788014e-01
7.000000000000000000e+01,2.316108688064036081e-01,1.652763538299507617e-01
7.100000000000000000e+01,2.344489645110909570e-01,1.512003108407137808e-01
7.200000000000000000e+01,2.293032215260202289e-01,1.498735503211036102e-01
7.300000000000000000e+01,2.205578705408378082e-01,1.471323594634479370e-01
7.400000000000000000e+01,2.160487063335720381e-01,1.469133576601394653e-01
7.500000000000000000e+01,2.082939533476309835e-01,1.532034483399998537e-01
7.600000000000000000e+01,2.037446587290614175e-01,1.590710827629256419e-01
7.700000000000000000e+01,2.160627356460143311e-01,1.603845258190121914e-01
7.800000000000000000e+01,2.107155732969840656e-01,1.544379857181629734e-01
7.900000000000000000e+01,2.028249395232240015e-01,1.595127038003644471e-01
8.000000000000000000e+01,2.047792865671100859e-01,1.684870785816456606e-01
8.100000000000000000e+01,2.072135981812316952e-01,1.552273577037034669e-01
8.200000000000000000e+01,1.940762867684010795e-01,1.587087394784320871e-01
8.300000000000000000e+01,1.922479497232242041e-01,1.584139046897413416e-01
8.400000000000000000e+01,1.909447469219158477e-01,1.581041305420629040e-01
8.500000000000000000e+01,1.923963154637371165e-01,1.425143338814960081e-01
8.600000000000000000e+01,1.958097895274404365e-01,1.485310738494445004e-01
8.700000000000000000e+01,1.790150227298959174e-01,1.555291583553596868e-01
8.800000000000000000e+01,1.732915038394159390e-01,1.537850766092800914e-01
8.900000000000000000e+01,1.747871662972145523e-01,1.561109920633432790e-01
9.000000000000000000e+01,1.816642429089231903e-01,1.420466086281521878e-01
9.100000000000000000e+01,1.770619480035849902e-01,1.467527764624159403e-01
9.200000000000000000e+01,1.929039494722791237e-01,1.504190493308822651e-01
9.300000000000000000e+01,2.051853325347561263e-01,1.505681627974729264e-01
9.400000000000000000e+01,2.086946684807015340e-01,1.537886166232783625e-01
9.500000000000000000e+01,2.090635107575624929e-01,1.582968977673474276e-01
9.600000000000000000e+01,2.237165474789507835e-01,1.632640310915420001e-01
9.700000000000000000e+01,2.312855606765079064e-01,1.628129315514874609e-01
9.800000000000000000e+01,2.426052849467727757e-01,1.773060501887899765e-01
9.900000000000000000e+01,2.581567670023301453e-01,1.827413625140470455e-01
1.000000000000000000e+02,2.619637217707175281e-01,1.865059183880978522e-01
1.010000000000000000e+02,2.647000625761837811e-01,1.906326984377810507e-01
1.020000000000000000e+02,2.515737702540062903e-01,1.932917256903252945e-01
1.030000000000000000e+02,2.530593911761417902e-01,1.932466345466672952e-01
1.040000000000000000e+02,2.639545113482453798e-01,1.904194605326862133e-01
1.050000000000000000e+02,2.619756818745228033e-01,2.054236466678907580e-01
1.060000000000000000e+02,2.627296278901631310e-01,2.122966341763647402e-01
1.070000000000000000e+02,2.504798241865239250e-01,2.121840616104543054e-01
1.080000000000000000e+02,2.485940972953801786e-01,2.068577073937398203e-01
1.090000000000000000e+02,2.531243548355298079e-01,2.108547752429964228e-01
1.100000000000000000e+02,2.432865530958865097e-01,2.125021026817207892e-01
1.110000000000000000e+02,2.433537101573892414e-01,2.038008119803008389e-01
1.120000000000000000e+02,2.206921912466059399e-01,2.086662532172805784e-01
1.130000000000000000e+02,2.208380112248007898e-01,2.115584779412020278e-01
1.140000000000000000e+02,2.205410535940900696e-01,2.117874020752555930e-01
1.150000000000000000e+02,2.211205122046871752e-01,2.166889455184863866e-01
1.160000000000000000e+02,2.207671619490138570e-01,2.124383113031363124e-01
1.170000000000000000e+02,2.254737965657317711e-01,2.170509340493707306e-01
1.180000000000000000e+02,2.036856538813386075e-01,2.107144575152197497e-01
1.190000000000000000e+02,1.948298977554077382e-01,1.999559412038593442e-01
1.200000000000000000e+02,1.837610948027227631e-01,2.021735247729870011e-01
1.210000000000000000e+02,1.815010964202810606e-01,1.944476818319817446e-01
1.220000000000000000e+02,1.852967301213066242e-01,1.962843978703778525e-01
1.230000000000000000e+02,1.852792608703603128e-01,1.952131585111026579e-01
1.240000000000000000e+02,1.927669753006892583e-01,1.933654657355044215e-01
1.250000000000000000e+02,1.896949518263805201e-01,1.936221365773700964e-01
1.260000000000000000e+02,1.872950389926088810e-01,1.878505698180932271e-01
1.270000000000000000e+02,1.963228909713333192e-01,1.960716372274473318e-01
1.280000000000000000e+02,2.045738454541773110e-01,1.966222794539469743e-01
1.290000000000000000e+02,2.136164852158282668e-01,2.027708541752421545e-01
1.300000000000000000e+02,2.023676845228299381e-01,2.014407559792395497e-01
1.310000000000000000e+02,2.071726626489078793e-01,2.051093112254282480e-01
1.320000000000000000e+02,2.120451621001180065e-01,2.080419467826198909e-01
1.330000000000000000e+02,2.153503411541925761e-01,2.129128968721256121e-01
1.340000000000000000e+02,2.021616867759148950e-01,2.120682985797407716e-01
1.350000000000000000e+02,2.019291679722489130e-01,2.157497349349782878e-01
1.360000000000000000e+02,2.116472359352861432e-01,2.090182828721008079e-01
1.370000000000000000e+02,2.137198141208268010e-01,2.110711683233675307e-01
1.380000000000000000e+02,2.209655033354181453e-01,2.014893475052027261e-01
1.390000000000000000e+02,2.209963579853646831e-01,2.020031959181244341e-01
1.400000000000000000e+02,2.207406059085974537e-01,1.959618662093882691e-01
1.410000000000000000e+02,2.171935727446399622e-01,1.784866685985820323e-01
1.420000000000000000e+02,2.135416454747028625e-01,1.801756709621229746e-01
1.430000000000000000e+02,2.162688676854304104e-01,1.835504624310065613e-01
1.440000000000000000e+02,2.275599234325346165e-01,1.826891156368830871e-01
1.450000000000000000e+02,2.237285377516992912e-01,1.809729712770436483e-01
1.460000000000000000e+02,2.256887176009244600e-01,1.716929079023131188e-01
1.470000000000000000e+02,2.174405338654877562e-01,1.686467197507154070e-01
1.480000000000000000e+02,2.092688246521895168e-01,1.709172249135488542e-01
1.490000000000000000e+02,2.106383872849285355e-01,1.662615089794126644e-01
1.500000000000000000e+02,2.150441266061955126e-01,1.700107633860332146e-01
1.510000000000000000e+02,2.250072516668567557e-01,1.710139307300138356e-01
1.520000000000000000e+02,2.120055520426379070e-01,1.744601997288153794e-01
1.530000000000000000e+02,2.043263258680975969e-01,1.682892891770915167e-01
1.540000000000000000e+02,2.052766197718375318e-01,1.701686251841099118e-01
1.550000000000000000e+02,2.091159359684208741e-01,1.848081357303241468e-01
1.560000000000000000e+02,2.138691196143695794e-01,1.889216015015492411e-01
1.570000000000000000e+02,2.158033891276660565e-01,1.960531942580624465e-01
1.580000000000000000e+02,2.154556291776041077e-01,2.012923840961093336e-01
1.590000000000000000e+02,2.186650262386294341e-01,1.756983788235292054e-01
1.600000000000000000e+02,2.248681300311345110e-01,1.853248270453984048e-01
1.610000000000000000e+02,2.301682473873271906e-01,1.902687804112589420e-01
1.620000000000000000e+02,2.335877917195669784e-01,1.913371415626007321e-01
1.630000000000000000e+02,2.264752439534426509e-01,1.957944643597909762e-01
1.640000000000000000e+02,2.190058399001592326e-01,2.041199190228077387e-01
1.650000000000000000e+02,2.185737820648291363e-01,2.062269595553882784e-01
1.660000000000000000e+02,2.122293276759860958e-01,2.076167316032472010e-01
1.670000000000000000e+02,2.255361800420629670e-01,2.154949704914295439e-01
1.680000000000000000e+02,2.299320362941688900e-01,2.190286256114980235e-01
1.690000000000000000e+02,2.327290617286837948e-01,2.167333575943760082e-01
1.700000000000000000e+02,2.375160081860027694e-01,2.212841783699784903e-01
1.710000000000000000e+02,2.377157036589866712e-01,2.338503200835839180e-01
1.720000000000000000e+02,2.433963942076458886e-01,2.427915268289692896e-01
1.730000000000000000e+02,2.420341558093322132e-01,2.479726907971444294e-01
1.740000000000000000e+02,2.588658909655109364e-01,2.533298951748466643e-01
1.750000000000000000e+02,2.753769394163508299e-01,2.621704126317828676e-01
1.760000000000000000e+02,2.700608969336183440e-01,2.671371360148572793e-01
1.770000000000000000e+02,2.792844287679611681e-01,2.831122373774226930e-01
1.780000000000000000e+02,2.830379389546344715e-01,2.861729132741039350e-01
1.790000000000000000e+02,2.929267176672227802e-01,2.903213618399441143e-01
1.800000000000000000e+02,2.921292750804717064e-01,2.954490516046973103e-01
1.810000000000000000e+02,2.948510265441922629e-01,2.979772049240879683e-01
1.820000000000000000e+02,3.077343048242524581e-01,3.041745428963514852e-01
1.830000000000000000e+02,3.185701564843259059e-01,3.107976544746645087e-01
1.840000000000000000e+02,3.207229460796632847e-01,3.175663407070454247e-01
1.850000000000000000e+02,3.253087220297087301e-01,3.268469833211530284e-01
1.860000000000000000e+02,3.291246716628784541e-01,3.305615430255915976e-01
1.870000000000000000e+02,3.336811644415590972e-01,3.363916135647486150e-01
1.880000000000000000e+02,3.377439995853342980e-01,3.428878627961630121e-01
1.890000000000000000e+02,3.361636833532695157e-01,3.543563453315920486e-01
1.900000000000000000e+02,3.414846415467917562e-01,3.581125623876184050e-01
1.910000000000000000e+02,3.473803331659751636e-01,3.571496104508187219e-01
1.920000000000000000e+02,3.483496597083123314e-01,3.639672076131897360e-01
1.930000000000000000e+02,3.449039278115941798e-01,3.678206407107652565e-01
1.940000000000000000e+02,3.426202121297556302e-01,3.622098178210767516e-01
1.950000000000000000e+02,3.510488841461528731e-01,3.622375879547596322e-01
1.960000000000000000e+02,3.525152559804893837e-01,3.530502972854793198e-01
1.970000000000000000e+02,3.509454873001658926e-01,3.406312389914974426e-01
1.980000000000000000e+02,3.543468813037207177e-01,3.372589564972644505e-01
1.990000000000000000e+02,3.646754111074677618e-01,3.257038212826323664e-01
2.000000000000000000e+02,3.624381328032041383e-01,3.069678923169961160e-01
2.010000000000000000e+02,3.627734788677682287e-01,2.977955141468543454e-01
2.020000000000000000e+02,3.527941856742976556e-01,2.913825053279661681e-01
2.030000000000000000e+02,3.518471959067601684e-01,2.856465640200923084e-01
2.040000000000000000e+02,3.350871547385648186e-01,2.852558536949417745e-01
2.050000000000000000e+02,3.389941394376653205e-01,2.835128558288456668e-01
2.060000000000000000e+02,3.325292600877015614e-01,2.870125459240207566e-01
2.070000000000000000e+02,3.218988786163696214e-01,2.860809394536064643e-01
2.080000000000000000e+02,3.386052933979738500e-01,2.889531783292992317e-01
2.090000000000000000e+02,3.329099081336265309e-01,2.839620019112503169e-01
2.100000000000000000e+02,3.302908794521874358e-01,2.760472911326941059e-01
2.110000000000000000e+02,3.237936444251548473e-01,2.653596581636964435e-01
2.120000000000000000e+02,3.275124018656470626e-01,2.628794733821776530e-01
2.130000000000000000e+02,3.178089452258071601e-01,2.505357339442339515e-01
2.140000000000000000e+02,3.119354103065737349e-01,2.449727226221390386e-01
2.150000000000000000e+02,2.906918319588555066e-01,2.429414653970862481e-01
2.160000000000000000e+02,2.901864434755465072e-01,2.405572484164100189e-01
2.170000000000000000e+02,2.898456208673267920e-01,2.449428250885160863e-01
2.180000000000000000e+02,2.891983207291372038e-01,2.553192940592645677e-01
2.190000000000000000e+02,2.899743813556364680e-01,2.501665039156657500e-01
2.200000000000000000e+02,2.899176092457602660e-01,2.419411262484628400e-01
2.210000000000000000e+02,2.828621259777425734e-01,2.388072489136213172e-01
2.220000000000000000e+02,2.849206627694833571e-01,2.361941521149610312e-01
2.230000000000000000e+02,2.761705279121717260e-01,2.518509494478058386e-01
2.240000000000000000e+02,2.713260779044640580e-01,2.441980053972616360e-01
2.250000000000000000e+02,2.711264412509556965e-01,2.443415764469753504e-01
2.260000000000000000e+02,2.723155641353940393e-01,2.504499772572998939e-01
2.270000000000000000e+02,2.740475561863238707e-01,2.405594896510714620e-01
2.280000000000000000e+02,2.685240682937095058e-01,2.314452203269259933e-01
2.290000000000000000e+02,2.852057902218235741e-01,2.240076255391685589e-01
2.300000000000000000e+02,2.862165089257350803e-01,2.270927370730782269e-01
2.310000000000000000e+02,2.803366672428269091e-01,2.292918165873934766e-01
2.320000000000000000e+02,2.788591806368524439e-01,2.332413633212100934e-01
2.330000000000000000e+02,2.855832935793682359e-01,2.491522662614231165e-01
2.340000000000000000e+02,2.839289432364129340e-01,2.435188858876011220e-01
2.350000000000000000e+02,2.849725908550503894e-01,2.444059814791448848e-01
2.360000000000000000e+02,2.927904858640405505e-01,2.476847083513118164e-01
2.370000000000000000e+02,2.891191136913499049e-01,2.607192417628027559e-01
2.380000000000000000e+02,2.901460010386220367e-01,2.604007279207206094e-01
2.390000000000000000e+02,2.996706431295747541e-01,2.606646841076110666e-01
2.400000000000000000e+02,2.842541536007370251e-01,2.621172569846110245e-01
2.410000000000000000e+02,2.833268307691871324e-01,2.643223641598632101e-01
2.420000000000000000e+02,2.800878838537581017e-01,2.633332564339831983e-01
2.430000000000000000e+02,2.819318672704528295e-01,2.619658472127812665e-01
2.440000000000000000e+02,2.827882923107337687e-01,2.569685680592306287e-01
2.450000000000000000e+02,2.978363979347854462e-01,2.628852638506452566e-01
2.460000000000000000e+02,2.950042116549719817e-01,2.619739452064626661e-01
2.470000000000000000e+02,2.933657597735035982e-01,2.597603320873198007e-01
2.480000000000000000e+02,2.981779059983598601e-01,2.675745426052260068e-01
2.490000000000000000e+02,2.986345615930354191e-01,2.780350821180578302e-01
2.500000000000000000e+02,3.042439237249242590e-01,2.760608143578243689e-01
2.510000000000000000e+02,3.109606055051331586e-01,2.754960979539325949e-01
2.520000000000000000e+02,3.073556457253167062e-01,2.744610332491566607e-01
2.530000000000000000e+02,3.043253273427640182e-01,2.643645114802607443e-01
2.540000000000000000e+02,2.846448601871480744e-01,2.649952418760699313e-01
2.550000000000000000e+02,2.848827091811041989e-01,2.726487559012040762e-01
2.560000000000000000e+02,3.027179393057837231e-01,2.636820799265461313e-01
2.570000000000000000e+02,3.020077749392107158e-01,2.633602522562575876e-01
2.580000000000000000e+02,3.071391168863032428e-01,2.615930298953343391e-01
2.590000000000000000e+02,3.050449238171243915e-01,2.670666819480812526e-01
2.600000000000000000e+02,3.082746799081792499e-01,2.688081730807326264e-01
2.610000000000000000e+02,2.941417014881557157e-01,2.680163120759352924e-01
2.620000000000000000e+02,2.922577210053858843e-01,2.748761546546618084e-01
2.630000000000000000e+02,2.906430403864245227e-01,2.677995825434918431e-01
2.640000000000000000e+02,2.854647936751160131e-01,2.719043727211360451e-01
2.650000000000000000e+02,2.817636560928726275e-01,2.701091154452592291e-01
2.660000000000000000e+02,2.852873756614013323e-01,2.659800932899477610e-01
2.670000000000000000e+02,2.803656000182417896e-01,2.611780427206303878e-01
2.680000000000000000e+02,2.782486439016088053e-01,2.591181767162129002e-01
2.690000000000000000e+02,2.846147505497794161e-01,2.557493933903532413e-01
2.700000000000000000e+02,2.881152097918825983e-01,2.688622214606367078e-01
2.710000000000000000e+02,2.929658340296181773e-01,2.723437903232353574e-01
2.720000000000000000e+02,2.954095691810383895e-01,2.711611498446572788e-01
2.730000000000000000e+02,3.095918779966211343e-01,2.779787375188337850e-01
2.740000000000000000e+02,3.087363222133100993e-01,2.769789120383019942e-01
2.750000000000000000e+02,3.098769513040185442e-01,3.021219077421644084e-01
2.760000000000000000e+02,3.139590293039614677e-01,2.930394739891847844e-01
2.770000000000000000e+02,2.939715325609761898e-01,2.917454488141749680e-01
2.780000000000000000e+02,2.895362662394431741e-01,2.791276106717910932e-01
2.790000000000000000e+02,2.916873344878289087e-01,2.810456392262285497e-01
2.800000000000000000e+02,3.040995868110890621e-01,2.826472400460298129e-01
2.810000000000000000e+02,3.085327377516148273e-01,2.848257209860533545e-01
2.820000000000000000e+02,3.075963545764409668e-01,2.867342273943894737e-01
2.830000000000000000e+02,3.234337358840769783e-01,2.971979767036626030e-01
2.840000000000000000e+02,3.240978404615119102e-01,3.025416361250132802e-01
2.850000000000000000e+02,3.294734956017676408e-01,2.937025276546968433e-01
2.860000000000000000e+02,3.423320763450882209e-01,2.993634865108805720e-01
2.870000000000000000e+02,3.485908226866560877e-01,2.931760297042397823e-01
2.880000000000000000e+02,3.695368401584675500e-01,3.115976924417314109e-01
2.890000000000000000e+02,3.708988620901654820e-01,3.081107170083986491e-01
2.900000000000000000e+02,3.747669379277040469e-01,3.129333659657589917e-01
2.910000000000000000e+02,3.713161387949037162e-01,3.114744265920449950e-01
2.920000000000000000e+02,3.805202508600014077e-01,2.953850357363612678e-01
2.930000000000000000e+02,3.502950939206027625e-01,2.957996564069382828e-01
2.940000000000000000e+02,3.644948473295618885e-01,2.949084337653022359e-01
2.950000000000000000e+02,3.647216344367855134e-01,2.931191880042407494e-01
2.960000000000000000e+02,3.634011984697831932e-01,2.922396263764691637e-01
2.970000000000000000e+02,3.630677046229497940e-01,2.913286907459092800e-01
2.980000000000000000e+02,3.685822591362219458e-01,2.897893157459678348e-01
2.990000000000000000e+02,3.767511758098939789e-01,2.920717049709778412e-01
3.000000000000000000e+02,3.816381151272515981e-01,2.936903060994643933e-01
3.010000000000000000e+02,3.851454838612375364e-01,2.924816952680056592e-01
3.020000000000000000e+02,3.930505625688283655e-01,2.952836424369366108e-01
3.030000000000000000e+02,4.320033815333261806e-01,2.767344374842983790e-01
3.040000000000000000e+02,3.793996464554799108e-01,2.854938954365572323e-01
3.050000000000000000e+02,3.750083994509602614e-01,2.752784311200219824e-01
3.060000000000000000e+02,3.780488780606596766e-01,2.711203931417483504e-01
3.070000000000000000e+02,3.882324832472058840e-01,2.886841965456399817e-01
3.080000000000000000e+02,3.944698459422539827e-01,2.883438706989305267e-01
3.090000000000000000e+02,3.958791161554431892e-01,2.870481153700633614e-01
3.100000000000000000e+02,3.978731589351844899e-01,2.831296200782680295e-01
3.110000000000000000e+02,4.183034144710824354e-01,2.759702290103436817e-01
3.120000000000000000e+02,4.102143845930146249e-01,2.817572800178989034e-01
3.130000000000000000e+02,4.107856689962257613e-01,2.810884803400323095e-01
3.140000000000000000e+02,4.032454323315080580e-01,2.903579404842233647e-01
3.150000000000000000e+02,3.830535587144388021e-01,2.922897250453014850e-01
3.160000000000000000e+02,3.790196966420464886e-01,2.805656094844582449e-01
3.170000000000000000e+02,3.808987692774341571e-01,2.435658818272718740e-01
3.180000000000000000e+02,3.783275583377124218e-01,2.460966218627213264e-01
3.190000000000000000e+02,3.773851872079022063e-01,2.471999038592912479e-01
3.200000000000000000e+02,3.996241032411085858e-01,2.442615032895467941e-01
3.210000000000000000e+02,3.878268650083109836e-01,2.822132810325517216e-01
3.220000000000000000e+02,3.685706883692737579e-01,2.718189057315651413e-01
3.230000000000000000e+02,3.595353840985926475e-01,2.698281553053509807e-01
3.240000000000000000e+02,3.190067894180168562e-01,2.812186531236459675e-01
3.250000000000000000e+02,3.194386022120514479e-01,2.608504709107964392e-01
3.260000000000000000e+02,3.064360072674776059e-01,2.725936478976029309e-01
3.270000000000000000e+02,2.910173919230758521e-01,2.697140114454005255e-01
3.280000000000000000e+02,2.940041267062123431e-01,2.671269937179851506e-01
3.290000000000000000e+02,2.934734241807519517e-01,3.348564572912369752e-01
3.300000000000000000e+02,2.991322646060076140e-01,3.299875205579149151e-01
3.310000000000000000e+02,2.916812449743414470e-01,3.596256716316243995e-01
3.320000000000000000e+02,2.753583450336710703e-01,3.575461221361106445e-01
3.330000000000000000e+02,2.757415905603424755e-01,3.552555146910838513e-01
3.340000000000000000e+02,3.049948780497557799e-01,3.945524561243838879e-01
3.350000000000000000e+02,3.040268816782033534e-01,3.945778721615292861e-01
3.360000000000000000e+02,2.619112466124808303e-01,3.929312739121443854e-01
3.370000000000000000e+02,2.609069982886234595e-01,3.913238114932143241e-01
3.380000000000000000e+02,2.553663596425972959e-01,3.451795141142863788e-01
3.390000000000000000e+02,2.621238639295623840e-01,3.349677816050759538e-01
3.400000000000000000e+02,2.856857592928391809e-01,3.246050787128912374e-01
3.410000000000000000e+02,2.852024487691809385e-01,3.197715875011015729e-01
3.420000000000000000e+02,2.727344526345319431e-01,2.607105066486218869e-01
3.430000000000000000e+02,2.794802465111803080e-01,2.346635675686500888e-01
3.440000000000000000e+02,2.719671999638484938e-01,2.695004482290734860e-01
3.450000000000000000e+02,2.600361229163842824e-01,2.682580686472498810e-01
3.460000000000000000e+02,2.711362268183329927e-01,2.675574204067779904e-01
3.470000000000000000e+02,2.729374594270919663e-01,2.702917436310042776e-01
3.480000000000000000e+02,2.752380322092897735e-01,2.732292058048484407e-01
3.490000000000000000e+02,2.763211143281877891e-01,2.376660651735230112e-01
3.500000000000000000e+02,2.753399089730121374e-01,2.377213252012199685e-01
3.510000000000000000e+02,2.993744527554251245e-01,2.400261645963751023e-01
3.520000000000000000e+02,3.187863474756687521e-01,2.707257048138542177e-01
3.530000000000000000e+02,3.217157593723338205e-01,2.726383333380605900e-01
3.540000000000000000e+02,3.222335092852720018e-01,2.720093678481740884e-01
3.550000000000000000e+02,3.269514970021796807e-01,2.736555249165879555e-01
3.560000000000000000e+02,3.276667080315544545e-01,2.825898053093556794e-01
3.570000000000000000e+02,3.228563018644005633e-01,2.761569411819368991e-01
3.580000000000000000e+02,3.166482327598916791e-01,2.810079056121139174e-01
3.590000000000000000e+02,3.098046787580735484e-01,2.754193404735873485e-01
3.600000000000000000e+02,3.087291189036762140e-01,2.752630123186915467e-01
3.610000000000000000e+02,3.078427580616288073e-01,2.758287265758502804e-01
3.620000000000000000e+02,3.113234536391014107e-01,2.451619846242014122e-01
3.630000000000000000e+02,2.960515315022295701e-01,2.538052592159225629e-01
3.640000000000000000e+02,2.915282507532274692e-01,2.541993103979621194e-01
3.650000000000000000e+02,2.901961310433912034e-01,2.561724259065606968e-01
3.660000000000000000e+02,2.884510337156122595e-01,2.570005161349768752e-01
3.670000000000000000e+02,2.642668414850184444e-01,2.705500852358656561e-01
3.680000000000000000e+02,1.691619257012710043e-01,3.053968760872852184e-01
3.690000000000000000e+02,3.151102685635013834e-01,2.347993810755630018e-01
3.700000000000000000e+02,3.202758075691455875e-01,2.351191793868541990e-01
3.710000000000000000e+02,3.182474412035265487e-01,2.294011445069691624e-01
3.720000000000000000e+02,2.801868263146112814e-01,2.256830827856523836e-01
3.730000000000000000e+02,2.802441589436818759e-01,1.763566209694085729e-01
3.740000000000000000e+02,2.858455551108218806e-01,1.009708870102905276e-01
3.750000000000000000e+02,2.916773373181635876e-01,1.010276524009116744e-01
3.760000000000000000e+02,2.838435028007509353e-01,9.912787508623369104e-02
3.770000000000000000e+02,2.918312888014979456e-01,1.047886407767280870e-01
3.780000000000000000e+02,2.840157275786623359e-01,1.019967379016058079e-01
3.790000000000000000e+02,2.788323078596313676e-01,1.027984745618089890e-01
3.800000000000000000e+02,2.724045714227638082e-01,1.037784759463757644e-01
3.810000000000000000e+02,2.714339462715861795e-01,1.102771667913694104e-01
3.820000000000000000e+02,2.149598642315070640e-01,1.096719700673376569e-01
3.830000000000000000e+02,1.997285095853143788e-01,9.828768173508954653e-02
3.840000000000000000e+02,2.516706721123825874e-01,9.102710496107056792e-02
3.850000000000000000e+02,2.447544890753676761e-01,8.636617591535604432e-02
3.860000000000000000e+02,2.361673585688145449e-01,8.163921497072335054e-02
3.870000000000000000e+02,2.323242290720507475e-01,8.191081092162574850e-02
3.880000000000000000e+02,7.710563634125730537e-02,6.702213297336320763e-02
3.890000000000000000e+02,7.871953992299569880e-02,7.241898246175336451e-02
3.900000000000000000e+02,7.948561019170423403e-02,7.686817975987614293e-02
3.910000000000000000e+02,1.038607512076599043e-01,1.020277071487854653e-01
3.920000000000000000e+02,1.058585927586093295e-01,1.066626279773320030e-01
3.930000000000000000e+02,1.045583106124901018e-01,1.078584100105217658e-01
3.940000000000000000e+02,1.297007714761310160e-01,1.326234957677014659e-01
3.950000000000000000e+02,1.466549131567132513e-01,1.511435632510256255e-01
3.960000000000000000e+02,1.490152284727229992e-01,1.526336749378461588e-01
3.970000000000000000e+02,1.471578458102509868e-01,1.500326961138716275e-01
3.980000000000000000e+02,1.619672065944454953e-01,1.632329329550783747e-01
3.990000000000000000e+02,1.462021981094343004e-01,1.477628495764090888e-01
4.000000000000000000e+02,1.514856535991254416e-01,1.504173001119245845e-01
4.010000000000000000e+02,1.529123062752963391e-01,1.515224190894514378e-01
4.020000000000000000e+02,1.534080274508423103e-01,1.513861211818746388e-01
4.030000000000000000e+02,1.430730410740284064e-01,1.410077898067304547e-01
4.040000000000000000e+02,1.464217041680893339e-01,1.448304681994375676e-01
4.050000000000000000e+02,1.599300706928966365e-01,1.572826767002143689e-01
4.060000000000000000e+02,1.625265423639643270e-01,1.592501037607521319e-01
4.070000000000000000e+02,1.497480054459519039e-01,1.476624641591348652e-01
4.080000000000000000e+02,1.805075252275647746e-01,1.358484809799119786e-01
4.090000000000000000e+02,1.879556136645121889e-01,1.394175603135307806e-01
4.100000000000000000e+02,1.771366635792287203e-01,1.235992577453346453e-01
4.110000000000000000e+02,1.841939561284488547e-01,1.355862300201872428e-01
4.120000000000000000e+02,1.281044619331689616e-01,1.304342934045184810e-01
4.130000000000000000e+02,1.183531932876971809e-01,1.275644491467139152e-01
4.140000000000000000e+02,1.211796560324728544e-01,1.287955477988968200e-01
4.150000000000000000e+02,1.173788266722112922e-01,1.330503258769485109e-01
4.160000000000000000e+02,1.795671178176152516e-01,1.291380579491625824e-01
4.170000000000000000e+02,1.753895642202613625e-01,1.136812412712190773e-01
4.180000000000000000e+02,1.753542902635499279e-01,1.129385314268311347e-01
4.190000000000000000e+02,1.754453796338999727e-01,1.130569657007794021e-01
4.200000000000000000e+02,1.718175326264463343e-01,9.716506874732051824e-02
4.210000000000000000e+02,1.712554760191491721e-01,9.780178258497791710e-02
4.220000000000000000e+02,1.696603408916608213e-01,9.676189563367842972e-02
4.230000000000000000e+02,2.459532813487672054e-01,9.644744162991021608e-02
4.240000000000000000e+02,2.493189139095575990e-01,2.295455828833949108e-01
4.250000000000000000e+02,2.512174837560833818e-01,2.306398678338155150e-01
4.260000000000000000e+02,2.522787869246186365e-01,2.297987717207880809e-01
4.270000000000000000e+02,1.898386726518058176e-01,2.315783304597802683e-01
4.280000000000000000e+02,1.948964138541163515e-01,2.338729702600243210e-01
4.290000000000000000e+02,1.989313682206557132e-01,2.355032450383684195e-01
4.300000000000000000e+02,2.019398446791456081e-01,2.358549716106305427e-01
4.310000000000000000e+02,2.078571520323748700e-01,2.387658453468854136e-01
4.320000000000000000e+02,2.092225020496698562e-01,2.513377649108103351e-01
4.330000000000000000e+02,2.115795264344342286e-01,2.529369621382405176e-01
4.340000000000000000e+02,2.151114715870789951e-01,2.557368657241265164e-01
4.350000000000000000e+02,2.176249667227239115e-01,2.565680250409059227e-01
4.360000000000000000e+02,2.277569446984367973e-01,2.596157087220086201e-01
4.370000000000000000e+02,2.360926770837977473e-01,2.619465137728386739e-01
4.380000000000000000e+02,2.582249622869615679e-01,2.733971446959508889e-01
4.390000000000000000e+02,3.453251713654026389e-01,2.753319636852081254e-01
4.400000000000000000e+02,4.330571580323434588e-01,2.758812255647388190e-01
4.410000000000000000e+02,4.081918309287478341e-01,2.760044482004429534e-01
4.420000000000000000e+02,4.093140886342596652e-01,2.760298079589293407e-01
4.430000000000000000e+02,4.124494613636107698e-01,2.772091243504768432e-01
4.440000000000000000e+02,4.184549809322647973e-01,2.794478984793559717e-01
4.450000000000000000e+02,4.195882949057878064e-01,2.800439395830922051e-01
4.460000000000000000e+02,3.894356437127239334e-01,2.790352055647720708e-01
4.470000000000000000e+02,3.862557909784040677e-01,2.782723039022779732e-01
4.480000000000000000e+02,3.742239311160076021e-01,2.875757075158790754e-01
4.490000000000000000e+02,4.114153461459164607e-01,3.186512774644563173e-01
4.500000000000000000e+02,3.676965243111436354e-01,3.168321552444607336e-01
4.510000000000000000e+02,3.245321912690997124e-01,3.153714102898867999e-01
4.520000000000000000e+02,3.233103803358972073e-01,3.142815696774050593e-01
4.530000000000000000e+02,2.773377600197608484e-01,3.137904432817147371e-01
4.540000000000000000e+02,2.967179297314335717e-01,3.148790481403314634e-01
4.550000000000000000e+02,3.480868413113057391e-01,3.179750198265537398e-01
4.560000000000000000e+02,3.787583474380274429e-01,3.228476682367423800e-01
4.570000000000000000e+02,4.173505456419661641e-01,3.286228902579750866e-01
4.580000000000000000e+02,4.695821923336812587e-01,3.351260899965252116e-01
4.590000000000000000e+02,5.400056354701519012e-01,3.430682918600116982e-01
4.600000000000000000e+02,5.378137240186333656e-01,3.474375626926000105e-01
4.610000000000000000e+02,5.360729043992856768e-01,3.504768132697790861e-01
4.620000000000000000e+02,5.329436378863949830e-01,3.516651312432562126e-01
4.630000000000000000e+02,5.310635685455054045e-01,5.416663009673357010e-01
4.640000000000000000e+02,5.134676036347325390e-01,3.588799069014688703e-01
4.650000000000000000e+02,5.154295949420582001e-01,3.554305133099356917e-01
4.660000000000000000e+02,4.214098495819295631e-01,3.525241160144408359e-01
4.670000000000000000e+02,5.043725532013922930e-01,3.533028818666935078e-01
4.680000000000000000e+02,6.333828195929527283e-01,3.597602883819490671e-01
4.690000000000000000e+02,4.932370120659470558e-01,3.600736507214605808e-01
4.700000000000000000e+02,4.986317586153745651e-01,3.624369159806519747e-01
4.710000000000000000e+02,5.041590770706534386e-01,3.648061268031597137e-01
4.720000000000000000e+02,5.076497038826346397e-01,3.656219283584505320e-01
4.730000000000000000e+02,5.077231307514011860e-01,3.658990259282290936e-01
4.740000000000000000e+02,5.105835194699466228e-01,3.664672255981713533e-01
4.750000000000000000e+02,5.126322442665696144e-01,3.661583419889211655e-01
4.760000000000000000e+02,5.112443710677325726e-01,3.630465678870677948e-01
4.770000000000000000e+02,6.571956574916839600e-01,3.634682983780900822e-01
4.780000000000000000e+02,6.567831138769786303e-01,3.608570775638024197e-01
4.790000000000000000e+02,6.579734086990356445e-01,3.604432203186054839e-01
4.800000000000000000e+02,6.470529337724050256e-01,3.617860871211935891e-01
4.810000000000000000e+02,6.474986473719279712e-01,3.590208147652447224e-01
4.820000000000000000e+02,6.493454277515411377e-01,3.576722816408922090e-01
4.830000000000000000e+02,6.493534147739410400e-01,3.562722658583273305e-01
4.840000000000000000e+02,6.489059031009674072e-01,3.559349614661186934e-01
4.850000000000000000e+02,6.488762100537618371e-01,3.562241077112655030e-01
4.860000000000000000e+02,6.506842275460560376e-01,3.574604733536640988e-01
4.870000000000000000e+02,6.515858372052509839e-01,3.567937508535882207e-01
4.880000000000000000e+02,6.542783975601196289e-01,3.554138975838820325e-01
4.890000000000000000e+02,6.559667984644571570e-01,3.533085980452597141e-01
4.900000000000000000e+02,6.565775275230407715e-01,3.504330012947320938e-01
4.910000000000000000e+02,6.620726287364959717e-01,3.522917071046928750e-01
4.920000000000000000e+02,6.690107186635334546e-01,3.558176566536228047e-01
4.930000000000000000e+02,6.709482868512470777e-01,3.581163870791594372e-01
4.940000000000000000e+02,6.692788898944854736e-01,3.568988100936015817e-01
4.950000000000000000e+02,4.714950236181417731e-01,3.537114736003180160e-01
4.960000000000000000e+02,2.446446170409520560e-01,3.395322815825541629e-01
4.970000000000000000e+02,2.320465184748172760e-01,3.283090759068727493e-01
4.980000000000000000e+02,2.248482274202008857e-01,3.216807044421633455e-01
4.990000000000000000e+02,2.216864010939995355e-01,3.171718871841828213e-01
5.000000000000000000e+02,2.201172834029421210e-01,3.146605448176463260e-01
5.010000000000000000e+02,2.188234745214382992e-01,3.138893842697143555e-01
5.020000000000000000e+02,2.197153854261462980e-01,3.117221649736166000e-01
5.030000000000000000e+02,2.194764961798985614e-01,3.101707611543436660e-01
5.040000000000000000e+02,2.204456656278732107e-01,3.112179453795154704e-01
5.050000000000000000e+02,3.200476023484952748e-01,3.099379995837807655e-01
5.060000000000000000e+02,6.229263544082641602e-01,3.100990848615765572e-01
5.070000000000000000e+02,6.262684762477874756e-01,3.115213634446263313e-01
5.080000000000000000e+02,6.287201344966888428e-01,3.157851966097950935e-01
5.090000000000000000e+02,6.278922557830810547e-01,3.181391172111034393e-01
5.100000000000000000e+02,6.225562989711761475e-01,3.207569411024451256e-01
5.110000000000000000e+02,6.253190636634826660e-01,3.238399988040328026e-01
5.120000000000000000e+02,6.080086827278137207e-01,3.341582324355840683e-01
5.130000000000000000e+02,6.103743612766265869e-01,3.409367538988590240e-01
5.140000000000000000e+02,6.149532198905944824e-01,3.549023810774087906e-01
5.150000000000000000e+02,6.180122494697570801e-01,3.643693402409553528e-01
5.160000000000000000e+02,6.227005720138549805e-01,3.721578158438205719e-01
